{ 
    "answers": {
    "phase": "requirements gathering",
    "action": "functional requirements",
    "scope": "uml other",
    "action experience": 5,
    "language": "n/a",
    "other language": "<fill in>",

    "aimodel": "chatgpt",
    "aimodel version": "4.0",
    "open source aimodel": "<fill in>",
    "tool option": "online free",
    "experience with tool": 4,

    "time allocated (h)": "0.2",
    "time saved estimate (h)": "1",
    "quality of ai help": 3,
    "knowledge acquired": 2,
    "generic feeling - now": 5,
    "generic feeling - future": 3,
    "threat level": 3,
    "notes": "<fill in>"
    }
}