{ 
    "answers": {
    "phase": "coding",
    "action": "problem understanding",
    "scope": "api",
    "action experience": 5,
    "language": "js",
    "other language": "<fill in>",

    "aimodel": "chatgpt",
    "aimodel version": "o1 mini",
    "open source aimodel": "<fill in>",
    "tool option": "online free",
    "experience with tool": 5,

    "time allocated (h)": 1,
    "time saved estimate (h)": 10,
    "quality of ai help": 4,
    "knowledge acquired": 3,
    "generic feeling - now": 3,
    "generic feeling - future": 5,
    "threat level": 1,
    "notes": "<fill in>"
    }
}