{ 
    "answers": {
    "phase": "coding",
    "action": "source code authoring",
    "scope": "frontend",
    "action experience": 2,
    "language": "other",
    "other language": "css",

    "aimodel": "chatgpt",
    "aimodel version": "4.0",
    "open source aimodel": "<fill in>",
    "tool option": "online free",
    "experience with tool": 4,

    "time allocated (h)": "0.1",
    "time saved estimate (h)": "0.5",
    "quality of ai help": 4,
    "knowledge acquired": 4,
    "generic feeling - now": 4,
    "generic feeling - future": 5,
    "threat level": 3,
    "notes": "<fill in>"
    }
}