{ 
    "answers": {
    "phase": "design",
    "action": "design decision",
    "scope": "frontend",
    "action experience": 4,
    "language": "n/a",
    "other language": "<fill in>",

    "aimodel": "chatgpt",
    "aimodel version": "3.5",
    "open source aimodel": "<fill in>",
    "tool option": "online free",
    "experience with tool": 3,

    "time allocated (h)": "0.5",
    "time saved estimate (h)": "1",
    "quality of ai help": 2,
    "knowledge acquired": 4,
    "generic feeling - now": 3,
    "generic feeling - future": 2,
    "threat level": 0,
    "notes": "<fill in>"
    }
}