{
    "answers": {
        "phase": "coding",
        "action": "network configuration",
        "scope": "backend",
        "action experience": 2,
        "language": "n/a",
        "other language": "<fill in>",
        "aimodel": "chatgpt",
        "aimodel version": "4.0",
        "open source aimodel": "<fill in>",
        "tool option": "online free",
        "experience with tool":  4,
        "time allocated (h)": "0.5",
        "time saved estimate (h)": "1", 
        "quality of ai help": 3,
        "knowledge acquired": 3,
        "generic feeling - now": 2,
        "generic feeling - future": 4,
        "threat level": 2,
        "notes": "<fill in>"
    }
}