{ 
    "answers": {
    "phase": "requirements specification",
    "action": "non-functional requirements",
    "scope": "uml other",
    "action experience": 5,
    "language": "n/a",
    "other language": "<fill in>",

    "aimodel": "chatgpt",
    "aimodel version": "4.0",
    "open source aimodel": "<fill in>",
    "tool option": "online free",
    "experience with tool": 4,

    "time allocated (h)": "0.5",
    "time saved estimate (h)": "2",
    "quality of ai help": 3,
    "knowledge acquired": 2,
    "generic feeling - now": 4,
    "generic feeling - future": 3,
    "threat level": 3,
    "notes": "<fill in>"
    }
}