{ 
    "answers": {
    "phase": "design",
    "action": "use case specification",
    "scope": "uml activity",
    "action experience": 2,
    "language": "n/a",
    "other language": "<fill in>",

    "aimodel": "chatgpt",
    "aimodel version": "4.0",
    "open source aimodel": "<fill in>",
    "tool option": "online free",
    "experience with tool": 4,

    "time allocated (h)": "0.5",
    "time saved estimate (h)": "0.5",
    "quality of ai help": 2,
    "knowledge acquired": 3,
    "generic feeling - now": 1,
    "generic feeling - future": 2,
    "threat level": 1,
    "notes": "<fill in>"
    }
}