{ 
    "answers": {
    "phase": "design",
    "action": "problem understanding",
    "scope": "data management",
    "action experience": 4,
    "language": "n/a",
    "other language": "<fill in>",

    "aimodel": "chatgpt",
    "aimodel version": "3.5",
    "open source aimodel": "<fill in>",
    "tool option": "online free",
    "experience with tool": 4,

    "time allocated (h)": "0.3",
    "time saved estimate (h)": "0.9",
    "quality of ai help": 2,
    "knowledge acquired": 2,
    "generic feeling - now": 3,
    "generic feeling - future": 3,
    "threat level": 0,
    "notes": "<fill in>"
    }
}