{ 
    "answers": {
    "phase": "design",
    "action": "design decision",
    "scope": "uml sequence",
    "action experience": 2,
    "language": "n/a",
    "other language": "<fill in>",

    "aimodel": "chatgpt",
    "aimodel version": "3.5",
    "open source aimodel": "<fill in>",
    "tool option": "online free",
    "experience with tool": 2,

    "time allocated (h)": "0.1",
    "time saved estimate (h)": "0.5",
    "quality of ai help": 3,
    "knowledge acquired": 3,
    "generic feeling - now": 2,
    "generic feeling - future": 2,
    "threat level": 0,
    "notes": "<fill in>"
    }
}