{ 
    "answers": {
    "phase": "requirements specification",
    "action": "functional requirements",
    "scope": "data management",
    "action experience": 2,
    "language": "n/a",
    "other language": "<fill in>",

    "aimodel": "chatgpt",
    "aimodel version": "4.0",
    "open source aimodel": "<fill in>",
    "tool option": "online free",
    "experience with tool": 4,

    "time allocated (h)": "0.5",
    "time saved estimate (h)": "1",
    "quality of ai help": 1,
    "knowledge acquired": 1,
    "generic feeling - now": 1,
    "generic feeling - future": 2,
    "threat level": 0,
    "notes": "<fill in>"
    }
}